SW,trail,moh,oos_med,oos_min,oos_max,oos_std,full_med,sw_med,dd_med
20,0.03,3,16.769,12.108,22.234,3.173,10.198,385.5,-27.172
20,0.02,1,18.469,11.711,23.899,3.632,10.394,439.5,-27.512
20,0.03,5,13.455,7.328,18.706,3.407,8.006,364.5,-29.894
20,0.04,5,8.525,6.027,11.008,1.959,5.144,361.5,-31.731
20,0.06,3,6.685,4.149,9.209,1.771,4.461,383.5,-35.133
20,0.02,5,18.466,9.164,24.401,4.494,10.516,373.5,-28.899
20,0.02,3,21.875,14.099,28.089,4.116,12.29,394.5,-26.138
20,0.06,5,3.546,1.406,5.798,1.601,2.203,363.5,-35.232
20,0.04,1,8.112,5.182,11.137,2.04,5.243,427.5,-34.883
20,0.04,3,10.966,8.453,14.123,2.098,7.03,382.5,-32.623
20,0.03,1,13.505,9.762,18.641,2.916,8.213,430.5,-28.527
20,0.06,1,4.018,1.008,6.0,1.758,2.718,428.5,-37.324
24,0.03,5,14.302,6.441,18.753,3.8,8.245,317.5,-23.364
24,0.02,1,20.207,13.371,26.927,4.036,11.745,390.5,-23.364
24,0.02,3,22.638,14.745,29.697,4.488,12.914,353.5,-26.424
26,0.02,1,26.108,17.099,35.725,5.572,15.357,367.0,-23.93
24,0.02,5,22.801,10.328,28.154,5.548,12.619,326.5,-23.7
24,0.04,3,9.929,8.594,12.811,1.497,6.653,343.0,-30.433
24,0.03,3,14.098,10.451,19.619,2.789,8.932,344.5,-26.603
24,0.03,1,12.86,9.507,17.47,2.442,8.06,381.5,-23.785
24,0.04,5,10.209,6.636,13.527,2.254,6.027,316.0,-23.424
24,0.06,5,6.736,4.567,9.484,1.755,4.174,314.0,-27.063
24,0.04,1,9.08,6.701,10.785,1.445,5.649,380.0,-29.877
24,0.06,3,5.698,3.502,7.304,1.375,3.779,342.0,-35.055
24,0.06,1,4.807,1.851,5.378,1.445,2.805,380.0,-34.442
26,0.03,1,20.584,14.945,28.4,4.086,12.708,360.0,-26.185
26,0.02,3,27.855,18.334,37.848,5.888,16.145,335.5,-25.879
26,0.03,5,18.327,11.65,24.517,3.891,10.554,305.5,-25.749
26,0.02,5,24.606,14.371,32.029,5.32,13.84,315.5,-23.93
26,0.03,3,20.84,15.255,29.395,4.331,13.048,325.5,-26.06
28,0.02,3,27.814,18.385,37.842,5.897,16.148,342.5,-27.329
26,0.04,5,14.169,10.895,19.014,2.495,8.984,305.5,-25.436
26,0.04,3,16.697,13.852,22.78,2.76,10.701,325.5,-26.76
26,0.04,1,16.959,13.546,22.007,2.63,10.431,359.5,-25.606
26,0.06,1,11.364,9.55,15.645,2.022,7.326,359.5,-28.176
26,0.06,5,8.669,7.079,12.982,1.942,6.033,305.5,-26.733
26,0.06,3,11.14,9.935,16.377,2.141,7.588,325.5,-31.045
28,0.02,1,26.969,18.19,37.068,5.687,15.883,370.5,-24.929
28,0.02,5,27.894,15.646,36.727,6.482,15.832,318.5,-23.364
28,0.04,5,13.874,9.299,19.343,3.036,8.365,307.0,-24.521
28,0.03,5,19.833,12.065,27.077,4.615,11.624,308.5,-24.923
30,0.02,3,26.199,18.833,36.883,5.507,16.095,328.5,-24.005
28,0.03,3,19.537,14.509,27.879,4.115,12.408,334.5,-27.506
28,0.04,3,13.776,11.388,19.562,2.525,9.049,333.0,-28.192
28,0.03,1,19.869,15.216,28.156,3.978,12.768,365.5,-28.024
28,0.06,5,8.982,5.685,13.8,2.457,5.322,308.0,-27.061
28,0.04,1,14.516,12.075,19.821,2.42,9.194,364.0,-28.671
28,0.06,1,9.998,8.768,14.5,1.916,6.57,363.0,-28.394
30,0.03,5,18.647,14.397,26.393,3.763,12.052,300.5,-23.364
30,0.02,1,25.965,18.85,37.343,5.681,16.101,356.5,-23.364
28,0.06,3,9.395,8.101,14.252,1.99,6.429,332.0,-30.543
30,0.02,5,25.602,17.17,35.505,5.599,15.317,309.5,-23.364
30,0.03,3,18.59,15.275,26.778,3.665,12.063,320.5,-24.19
30,0.04,5,13.872,11.979,19.317,2.405,8.909,297.5,-23.364
32,0.02,1,17.59,12.373,28.192,4.948,11.32,359.5,-28.346
30,0.03,1,19.832,16.196,28.2,3.888,12.605,351.5,-23.364
30,0.04,3,13.477,12.032,19.207,2.378,8.603,318.5,-24.932
30,0.04,1,14.669,12.635,19.816,2.343,8.968,349.5,-23.583
32,0.02,5,16.98,12.128,25.676,4.227,10.492,307.5,-30.558
30,0.06,5,8.647,7.318,13.165,1.903,5.787,296.5,-23.714
30,0.06,1,9.923,7.859,14.067,1.957,6.125,348.5,-26.108
30,0.06,3,9.074,7.282,13.663,2.024,5.809,317.5,-27.521
32,0.02,3,19.042,13.901,30.03,5.092,12.098,325.5,-26.466
32,0.03,1,12.953,10.755,20.421,3.304,8.612,355.5,-29.235
32,0.04,1,7.502,4.775,11.769,2.163,4.799,353.5,-31.747
32,0.03,5,12.333,9.897,18.117,2.781,7.859,299.5,-32.099
32,0.03,3,13.515,11.756,21.599,3.404,9.212,317.5,-30.332
32,0.04,5,6.704,3.783,9.947,1.947,4.055,296.5,-32.815
32,0.06,1,4.562,2.052,8.23,1.903,2.907,351.5,-31.942
32,0.04,3,8.225,5.665,12.863,2.232,5.248,315.5,-31.066
34,0.02,5,17.513,12.424,26.039,4.261,10.869,299.5,-27.73
32,0.06,3,4.881,2.693,9.049,1.979,3.06,313.5,-32.395
32,0.06,5,3.853,1.019,6.394,1.782,2.335,294.5,-34.731
34,0.02,3,18.643,14.197,28.341,4.577,11.89,315.5,-27.936
34,0.02,1,19.722,14.466,28.922,4.478,12.407,344.5,-28.121
34,0.03,3,12.114,10.919,19.952,3.144,8.169,311.5,-33.96
34,0.03,1,13.892,11.552,20.898,3.018,9.322,340.5,-29.856
34,0.03,5,11.072,9.115,17.712,2.817,7.544,295.5,-31.223
34,0.06,3,5.116,4.01,8.795,1.555,3.529,308.0,-33.028
34,0.04,5,6.865,5.161,10.118,1.506,4.487,293.0,-33.186
34,0.06,5,3.968,2.335,6.26,1.297,2.673,292.0,-33.094
36,0.02,3,23.666,18.238,32.135,4.463,14.466,296.0,-28.114
34,0.04,1,9.281,7.626,13.081,1.671,5.915,338.0,-31.242
34,0.04,3,7.918,6.437,12.276,1.843,5.206,309.0,-32.754
34,0.06,1,6.603,5.036,9.433,1.392,4.247,337.0,-31.147
36,0.02,1,23.969,17.24,32.57,4.71,14.54,326.0,-27.132
36,0.02,5,22.604,15.617,30.519,4.628,13.436,283.0,-26.961
36,0.03,5,14.477,11.135,20.534,2.926,9.393,281.0,-31.043
36,0.04,3,10.287,9.819,14.286,1.548,6.638,295.5,-32.432
36,0.06,3,7.074,6.309,10.173,1.321,4.728,294.5,-34.095
36,0.04,5,9.279,8.767,12.742,1.341,5.986,282.5,-29.303
36,0.03,3,15.554,13.74,22.119,2.84,9.999,294.0,-34.804
36,0.03,1,16.385,13.313,23.099,3.028,10.583,324.0,-28.981
40,0.02,5,20.061,15.574,29.551,4.264,13.075,280.5,-27.736
36,0.06,5,5.836,4.82,8.231,1.074,3.84,281.5,-30.666
36,0.06,1,8.086,7.393,11.072,1.226,5.223,322.5,-28.686
36,0.04,1,11.316,10.663,15.219,1.539,7.142,323.5,-27.87
40,0.02,3,21.769,18.003,31.597,4.254,14.11,297.5,-32.34
40,0.02,1,20.714,17.337,30.202,4.043,13.392,331.5,-29.503
40,0.03,3,15.125,13.531,22.292,2.897,9.936,293.5,-32.505
40,0.03,5,14.337,12.467,20.78,2.781,9.374,275.5,-27.912
40,0.06,5,5.238,2.683,7.197,1.659,3.204,278.0,-30.135
40,0.06,3,7.348,5.197,9.959,1.682,4.604,293.0,-33.667
40,0.03,1,14.617,12.638,21.308,2.749,9.48,327.5,-29.675
40,0.04,5,8.834,6.255,11.381,1.806,5.281,278.0,-30.207
40,0.04,3,10.876,8.765,14.359,1.871,6.663,293.0,-33.144
40,0.04,1,10.553,7.76,13.281,1.986,6.137,328.0,-32.548
40,0.06,1,7.035,4.505,9.155,1.821,4.141,328.0,-32.483
