pool,SW,MW,trail,hold,t1,ann,maxdd,calmar,sharpe,switches,stop_exits,tim,oos_ann
BASE7,20,20,0.03,5,full_t0,53.99790475155246,-17.55488125500537,3.0759481632014003,0.7482046076111114,496,54,68.04830287206266,162.9175050457895
BASE7,20,10,0.03,5,full_t0,53.99790475155246,-17.55488125500537,3.0759481632014003,0.7482046076111114,496,54,68.04830287206266,162.9175050457895
BASE7,20,30,0.03,5,full_t0,53.99790475155246,-17.55488125500537,3.0759481632014003,0.7482046076111114,496,54,68.04830287206266,162.9175050457895
BASE7,20,30,0.03,1,full_t0,53.53408046366101,-19.130876047508018,2.798307841769449,0.7441102630963247,588,51,64.588772845953,161.14790792740075
BASE7,20,10,0.03,1,full_t0,53.53408046366101,-19.130876047508018,2.798307841769449,0.7441102630963247,588,51,64.588772845953,161.14790792740075
BASE7,20,20,0.03,1,full_t0,53.53408046366101,-19.130876047508018,2.798307841769449,0.7441102630963247,588,51,64.588772845953,161.14790792740075
BASE7,20,30,0.06,1,full_t0,43.236397249419326,-20.97059820654874,2.06176270336043,0.6494473204945793,581,22,65.0130548302872,123.55365022058771
BASE7,20,10,0.06,1,full_t0,43.236397249419326,-20.97059820654874,2.06176270336043,0.6494473204945793,581,22,65.0130548302872,123.55365022058771
BASE7,20,20,0.06,1,full_t0,43.236397249419326,-20.97059820654874,2.06176270336043,0.6494473204945793,581,22,65.0130548302872,123.55365022058771
BASE7,20,20,0.06,5,full_t0,42.23100428386961,-20.50980113868046,2.0590645417923654,0.639977743382932,491,22,68.43994778067885,120.05581017572204
BASE7,20,10,0.06,5,full_t0,42.23100428386961,-20.50980113868046,2.0590645417923654,0.639977743382932,491,22,68.43994778067885,120.05581017572204
BASE7,20,30,0.06,5,full_t0,42.23100428386961,-20.50980113868046,2.0590645417923654,0.639977743382932,491,22,68.43994778067885,120.05581017572204
BASE7,80,10,0.03,1,full_t0,41.842971533630745,-11.314055062344165,3.698317827079876,2.257808380458357,450,77,65.27415143603133,118.71397370637244
BASE7,80,30,0.03,1,full_t0,41.842971533630745,-11.314055062344165,3.698317827079876,2.257808380458357,450,77,65.27415143603133,118.71397370637244
BASE7,80,20,0.03,1,full_t0,41.842971533630745,-11.314055062344165,3.698317827079876,2.257808380458357,450,77,65.27415143603133,118.71397370637244
BASE7,60,20,0.03,1,full_t0,41.4758164414911,-16.807091801075263,2.4677568809874417,2.141322293845925,411,76,66.54699738903395,117.44851334398322
BASE7,60,30,0.03,1,full_t0,41.4758164414911,-16.807091801075263,2.4677568809874417,2.141322293845925,411,76,66.54699738903395,117.44851334398322
BASE7,60,10,0.03,1,full_t0,41.4758164414911,-16.807091801075263,2.4677568809874417,2.141322293845925,411,76,66.54699738903395,117.44851334398322
BASE7,80,20,0.03,5,full_t0,39.645845501663814,-12.95415106233089,3.0604742302989774,2.132483604155581,365,76,69.02741514360314,111.2017451664856
BASE7,80,30,0.03,5,full_t0,39.645845501663814,-12.95415106233089,3.0604742302989774,2.132483604155581,365,76,69.02741514360314,111.2017451664856
BASE7,80,10,0.03,5,full_t0,39.645845501663814,-12.95415106233089,3.0604742302989774,2.132483604155581,365,76,69.02741514360314,111.2017451664856
BASE7,60,10,0.03,5,full_t0,38.93559554421504,-16.807091801075263,2.3166170569571154,2.0154457565879786,332,76,69.68015665796344,108.80435955923625
BASE7,60,30,0.03,5,full_t0,38.93559554421504,-16.807091801075263,2.3166170569571154,2.0154457565879786,332,76,69.68015665796344,108.80435955923625
BASE7,60,20,0.03,5,full_t0,38.93559554421504,-16.807091801075263,2.3166170569571154,2.0154457565879786,332,76,69.68015665796344,108.80435955923625
BASE7,40,30,0.03,1,full_t0,38.85829519892916,-12.775948648576907,3.041519363280904,2.0541651478297673,466,66,65.30678851174935,108.54435269900074
BASE7,40,20,0.03,1,full_t0,38.85829519892916,-12.775948648576907,3.041519363280904,2.0541651478297673,466,66,65.30678851174935,108.54435269900074
BASE7,40,10,0.03,1,full_t0,38.85829519892916,-12.775948648576907,3.041519363280904,2.0541651478297673,466,66,65.30678851174935,108.54435269900074
BASE7,40,10,0.03,5,full_t0,36.24062382228337,-14.818908453789096,2.445566347568392,1.9000906107995137,392,67,68.47258485639686,99.84523234941045
BASE7,40,30,0.03,5,full_t0,36.24062382228337,-14.818908453789096,2.445566347568392,1.9000906107995137,392,67,68.47258485639686,99.84523234941045
BASE7,40,20,0.03,5,full_t0,36.24062382228337,-14.818908453789096,2.445566347568392,1.9000906107995137,392,67,68.47258485639686,99.84523234941045
BASE7,20,10,0.03,1,real_t1,35.91258916473714,-23.210538423063518,1.5472536013663531,0.5786082831180915,586,43,64.68668407310705,98.76954553165321
BASE7,20,30,0.03,1,real_t1,35.91258916473714,-23.210538423063518,1.5472536013663531,0.5786082831180915,586,43,64.68668407310705,98.76954553165321
BASE7,20,20,0.03,1,real_t1,35.91258916473714,-23.210538423063518,1.5472536013663531,0.5786082831180915,586,43,64.68668407310705,98.76954553165321
BASE7,20,30,0.03,5,real_t1,35.63111619600501,-23.21053842306351,1.5351266543907311,0.5760195488211217,495,44,68.11357702349869,97.84910339647692
BASE7,20,20,0.03,5,real_t1,35.63111619600501,-23.21053842306351,1.5351266543907311,0.5760195488211217,495,44,68.11357702349869,97.84910339647692
BASE7,20,10,0.03,5,real_t1,35.63111619600501,-23.21053842306351,1.5351266543907311,0.5760195488211217,495,44,68.11357702349869,97.84910339647692
BASE7,20,10,0.06,1,real_t1,32.585346363697965,-25.921776736972042,1.257064540534435,0.5452656466684562,580,17,65.0130548302872,88.04006634842878
BASE7,20,20,0.06,1,real_t1,32.585346363697965,-25.921776736972042,1.257064540534435,0.5452656466684562,580,17,65.0130548302872,88.04006634842878
BASE7,20,30,0.06,1,real_t1,32.585346363697965,-25.921776736972042,1.257064540534435,0.5452656466684562,580,17,65.0130548302872,88.04006634842878
BASE7,20,10,0.06,5,real_t1,31.65471436562468,-23.21053842306352,1.363807844033918,0.5359950620758679,490,18,68.43994778067885,85.09789084172701
BASE7,20,30,0.06,5,real_t1,31.65471436562468,-23.21053842306352,1.363807844033918,0.5359950620758679,490,18,68.43994778067885,85.09789084172701
BASE7,20,20,0.06,5,real_t1,31.65471436562468,-23.21053842306352,1.363807844033918,0.5359950620758679,490,18,68.43994778067885,85.09789084172701
BASE7,60,20,0.06,1,full_t0,31.031925175748864,-16.807091801075284,1.8463589979179802,1.614508030197554,384,28,67.42819843342036,83.14328498726921
BASE7,60,10,0.06,1,full_t0,31.031925175748864,-16.807091801075284,1.8463589979179802,1.614508030197554,384,28,67.42819843342036,83.14328498726921
BASE7,60,30,0.06,1,full_t0,31.031925175748864,-16.807091801075284,1.8463589979179802,1.614508030197554,384,28,67.42819843342036,83.14328498726921
BASE7,80,10,0.06,1,full_t0,30.440493910726563,-16.164307746527598,1.8831919305214764,1.6618490342527286,413,31,66.54699738903395,81.29771853668792
BASE7,80,30,0.06,1,full_t0,30.440493910726563,-16.164307746527598,1.8831919305214764,1.6618490342527286,413,31,66.54699738903395,81.29771853668792
BASE7,80,20,0.06,1,full_t0,30.440493910726563,-16.164307746527598,1.8831919305214764,1.6618490342527286,413,31,66.54699738903395,81.29771853668792
BASE7,40,20,0.06,1,full_t0,28.110293333718282,-16.506709911435415,1.702961612855643,1.5045742090817322,451,29,65.99216710182768,74.12680181441176
BASE7,40,10,0.06,1,full_t0,28.110293333718282,-16.506709911435415,1.702961612855643,1.5045742090817322,451,29,65.99216710182768,74.12680181441176
BASE7,40,30,0.06,1,full_t0,28.110293333718282,-16.506709911435415,1.702961612855643,1.5045742090817322,451,29,65.99216710182768,74.12680181441176
BASE7,60,10,0.06,5,full_t0,27.919294718535646,-19.92845646305946,1.4009762758238935,1.4618168006382777,305,28,70.62663185378591,73.54612078665814
BASE7,60,30,0.06,5,full_t0,27.919294718535646,-19.92845646305946,1.4009762758238935,1.4618168006382777,305,28,70.62663185378591,73.54612078665814
BASE7,60,20,0.06,5,full_t0,27.919294718535646,-19.92845646305946,1.4009762758238935,1.4618168006382777,305,28,70.62663185378591,73.54612078665814
BASE7,80,20,0.06,5,full_t0,27.86530747388054,-16.253517821892586,1.714417012934118,1.5210540632549618,328,31,70.26762402088774,73.382181326238
BASE7,80,10,0.06,5,full_t0,27.86530747388054,-16.253517821892586,1.714417012934118,1.5210540632549618,328,31,70.26762402088774,73.382181326238
BASE7,80,30,0.06,5,full_t0,27.86530747388054,-16.253517821892586,1.714417012934118,1.5210540632549618,328,31,70.26762402088774,73.382181326238
BASE7,40,30,0.06,5,full_t0,25.622828327751847,-16.26176611990221,1.5756485574093309,1.3688894182265445,379,30,69.15796344647521,66.64822790519267
BASE7,40,10,0.06,5,full_t0,25.622828327751847,-16.26176611990221,1.5756485574093309,1.3688894182265445,379,30,69.15796344647521,66.64822790519267
BASE7,40,20,0.06,5,full_t0,25.622828327751847,-16.26176611990221,1.5756485574093309,1.3688894182265445,379,30,69.15796344647521,66.64822790519267
T0_5,20,20,0.03,1,full_t0,24.773003539576987,-15.882176934885209,1.5597989898452191,1.6227633198324327,620,34,61.29242819843343,64.13480330181397
T0_5,20,20,0.03,1,real_t1,24.773003539576987,-15.882176934885209,1.5597989898452191,1.6227633198324327,620,34,61.29242819843343,64.13480330181397
T0_5,20,10,0.03,1,real_t1,24.773003539576987,-15.882176934885209,1.5597989898452191,1.6227633198324327,620,34,61.29242819843343,64.13480330181397
T0_5,20,10,0.03,1,full_t0,24.773003539576987,-15.882176934885209,1.5597989898452191,1.6227633198324327,620,34,61.29242819843343,64.13480330181397
T0_5,20,30,0.03,1,full_t0,24.773003539576987,-15.882176934885209,1.5597989898452191,1.6227633198324327,620,34,61.29242819843343,64.13480330181397
T0_5,20,30,0.03,1,real_t1,24.773003539576987,-15.882176934885209,1.5597989898452191,1.6227633198324327,620,34,61.29242819843343,64.13480330181397
T0_5,20,20,0.03,5,full_t0,24.53689086720654,-17.761069065471684,1.3814985334924101,1.5802072808160357,540,36,64.62140992167102,63.440231596429776
T0_5,20,20,0.03,5,real_t1,24.53689086720654,-17.761069065471684,1.3814985334924101,1.5802072808160357,540,36,64.62140992167102,63.440231596429776
T0_5,20,10,0.03,5,real_t1,24.53689086720654,-17.761069065471684,1.3814985334924101,1.5802072808160357,540,36,64.62140992167102,63.440231596429776
T0_5,20,10,0.03,5,full_t0,24.53689086720654,-17.761069065471684,1.3814985334924101,1.5802072808160357,540,36,64.62140992167102,63.440231596429776
T0_5,20,30,0.03,5,full_t0,24.53689086720654,-17.761069065471684,1.3814985334924101,1.5802072808160357,540,36,64.62140992167102,63.440231596429776
T0_5,20,30,0.03,5,real_t1,24.53689086720654,-17.761069065471684,1.3814985334924101,1.5802072808160357,540,36,64.62140992167102,63.440231596429776
T0_5,80,30,0.03,1,real_t1,23.517360428878508,-13.399272274324769,1.755122214655021,1.621521498650402,508,47,61.84725848563969,60.459782513966374
T0_5,80,30,0.03,1,full_t0,23.517360428878508,-13.399272274324769,1.755122214655021,1.621521498650402,508,47,61.84725848563969,60.459782513966374
T0_5,80,10,0.03,1,real_t1,23.517360428878508,-13.399272274324769,1.755122214655021,1.621521498650402,508,47,61.84725848563969,60.459782513966374
T0_5,80,10,0.03,1,full_t0,23.517360428878508,-13.399272274324769,1.755122214655021,1.621521498650402,508,47,61.84725848563969,60.459782513966374
T0_5,80,20,0.03,1,full_t0,23.517360428878508,-13.399272274324769,1.755122214655021,1.621521498650402,508,47,61.84725848563969,60.459782513966374
T0_5,80,20,0.03,1,real_t1,23.517360428878508,-13.399272274324769,1.755122214655021,1.621521498650402,508,47,61.84725848563969,60.459782513966374
T0_4,40,10,0.03,1,real_t1,23.290449527657064,-11.344554442810203,2.053006986309433,1.6425730350118493,491,31,61.61879895561357,59.80056888456468
T0_4,40,10,0.03,1,full_t0,23.290449527657064,-11.344554442810203,2.053006986309433,1.6425730350118493,491,31,61.61879895561357,59.80056888456468
T0_4,40,30,0.03,1,full_t0,23.290449527657064,-11.344554442810203,2.053006986309433,1.6425730350118493,491,31,61.61879895561357,59.80056888456468
T0_4,40,30,0.03,1,real_t1,23.290449527657064,-11.344554442810203,2.053006986309433,1.6425730350118493,491,31,61.61879895561357,59.80056888456468
T0_4,40,20,0.03,1,real_t1,23.290449527657064,-11.344554442810203,2.053006986309433,1.6425730350118493,491,31,61.61879895561357,59.80056888456468
T0_4,40,20,0.03,1,full_t0,23.290449527657064,-11.344554442810203,2.053006986309433,1.6425730350118493,491,31,61.61879895561357,59.80056888456468
BASE7,40,20,0.03,1,real_t1,21.834647596016122,-24.59304513954271,0.8878383084373959,1.2045530520503513,459,59,65.6331592689295,55.60691056452329
BASE7,40,10,0.03,1,real_t1,21.834647596016122,-24.59304513954271,0.8878383084373959,1.2045530520503513,459,59,65.6331592689295,55.60691056452329
BASE7,40,30,0.03,1,real_t1,21.834647596016122,-24.59304513954271,0.8878383084373959,1.2045530520503513,459,59,65.6331592689295,55.60691056452329
T0_5,40,10,0.03,1,full_t0,21.744567583797792,-18.19333145407648,1.1951943841998003,1.455474114135329,507,36,62.63054830287206,55.34944769678298
T0_5,40,10,0.03,1,real_t1,21.744567583797792,-18.19333145407648,1.1951943841998003,1.455474114135329,507,36,62.63054830287206,55.34944769678298
T0_5,40,30,0.03,1,real_t1,21.744567583797792,-18.19333145407648,1.1951943841998003,1.455474114135329,507,36,62.63054830287206,55.34944769678298
T0_5,40,20,0.03,1,real_t1,21.744567583797792,-18.19333145407648,1.1951943841998003,1.455474114135329,507,36,62.63054830287206,55.34944769678298
T0_5,40,20,0.03,1,full_t0,21.744567583797792,-18.19333145407648,1.1951943841998003,1.455474114135329,507,36,62.63054830287206,55.34944769678298
T0_5,40,30,0.03,1,full_t0,21.744567583797792,-18.19333145407648,1.1951943841998003,1.455474114135329,507,36,62.63054830287206,55.34944769678298
T0_4,40,20,0.03,5,full_t0,20.884247832923464,-12.615835105991021,1.6553995559918129,1.45693518064472,412,32,65.04569190600522,52.902397221291174
T0_4,40,10,0.03,5,real_t1,20.884247832923464,-12.615835105991021,1.6553995559918129,1.45693518064472,412,32,65.04569190600522,52.902397221291174
T0_4,40,10,0.03,5,full_t0,20.884247832923464,-12.615835105991021,1.6553995559918129,1.45693518064472,412,32,65.04569190600522,52.902397221291174
T0_4,40,20,0.03,5,real_t1,20.884247832923464,-12.615835105991021,1.6553995559918129,1.45693518064472,412,32,65.04569190600522,52.902397221291174
T0_4,40,30,0.03,5,real_t1,20.884247832923464,-12.615835105991021,1.6553995559918129,1.45693518064472,412,32,65.04569190600522,52.902397221291174
T0_4,40,30,0.03,5,full_t0,20.884247832923464,-12.615835105991021,1.6553995559918129,1.45693518064472,412,32,65.04569190600522,52.902397221291174
T0_4,80,10,0.03,1,full_t0,20.86212482940839,-11.916275651790043,1.7507252634152113,1.5538063721365871,490,40,60.313315926892955,52.83975509851426
T0_4,80,20,0.03,1,full_t0,20.86212482940839,-11.916275651790043,1.7507252634152113,1.5538063721365871,490,40,60.313315926892955,52.83975509851426
T0_4,80,20,0.03,1,real_t1,20.86212482940839,-11.916275651790043,1.7507252634152113,1.5538063721365871,490,40,60.313315926892955,52.83975509851426
T0_4,80,10,0.03,1,real_t1,20.86212482940839,-11.916275651790043,1.7507252634152113,1.5538063721365871,490,40,60.313315926892955,52.83975509851426
T0_4,80,30,0.03,1,full_t0,20.86212482940839,-11.916275651790043,1.7507252634152113,1.5538063721365871,490,40,60.313315926892955,52.83975509851426
T0_4,80,30,0.03,1,real_t1,20.86212482940839,-11.916275651790043,1.7507252634152113,1.5538063721365871,490,40,60.313315926892955,52.83975509851426
BASE7,80,10,0.03,1,real_t1,20.825468601949183,-25.382824785020684,0.8204551218522785,1.1744833674598874,457,66,65.07832898172323,52.735992865297334
BASE7,80,20,0.03,1,real_t1,20.825468601949183,-25.382824785020684,0.8204551218522785,1.1744833674598874,457,66,65.07832898172323,52.735992865297334
BASE7,80,30,0.03,1,real_t1,20.825468601949183,-25.382824785020684,0.8204551218522785,1.1744833674598874,457,66,65.07832898172323,52.735992865297334
BASE7,40,10,0.03,5,real_t1,20.621182723192554,-24.15161888777305,0.8538219660973615,1.130274298245749,385,58,68.79895561357702,52.1584379727001
BASE7,40,30,0.03,5,real_t1,20.621182723192554,-24.15161888777305,0.8538219660973615,1.130274298245749,385,58,68.79895561357702,52.1584379727001
BASE7,40,20,0.03,5,real_t1,20.621182723192554,-24.15161888777305,0.8538219660973615,1.130274298245749,385,58,68.79895561357702,52.1584379727001
T0_5,60,10,0.03,1,full_t0,20.581929647741326,-11.314055062344167,1.8191470285700504,1.4251448613246038,483,39,62.17362924281984,52.047600751801035
T0_5,60,20,0.03,1,full_t0,20.581929647741326,-11.314055062344167,1.8191470285700504,1.4251448613246038,483,39,62.17362924281984,52.047600751801035
T0_5,60,20,0.03,1,real_t1,20.581929647741326,-11.314055062344167,1.8191470285700504,1.4251448613246038,483,39,62.17362924281984,52.047600751801035
T0_5,60,30,0.03,1,full_t0,20.581929647741326,-11.314055062344167,1.8191470285700504,1.4251448613246038,483,39,62.17362924281984,52.047600751801035
T0_5,60,30,0.03,1,real_t1,20.581929647741326,-11.314055062344167,1.8191470285700504,1.4251448613246038,483,39,62.17362924281984,52.047600751801035
T0_5,60,10,0.03,1,real_t1,20.581929647741326,-11.314055062344167,1.8191470285700504,1.4251448613246038,483,39,62.17362924281984,52.047600751801035
BASE7,60,30,0.03,1,real_t1,20.460766677484422,-26.476590704757726,0.7727870595441774,1.1074925665661164,417,63,66.31853785900783,51.70575994080207
BASE7,60,10,0.03,1,real_t1,20.460766677484422,-26.476590704757726,0.7727870595441774,1.1074925665661164,417,63,66.31853785900783,51.70575994080207
BASE7,60,20,0.03,1,real_t1,20.460766677484422,-26.476590704757726,0.7727870595441774,1.1074925665661164,417,63,66.31853785900783,51.70575994080207
T0_4,20,30,0.03,1,full_t0,20.430138818156518,-15.88217693488517,1.286356328979169,1.4709599127936042,568,24,61.74934725848564,51.61941602925133
T0_4,20,30,0.03,1,real_t1,20.430138818156518,-15.88217693488517,1.286356328979169,1.4709599127936042,568,24,61.74934725848564,51.61941602925133
T0_4,20,20,0.03,1,real_t1,20.430138818156518,-15.88217693488517,1.286356328979169,1.4709599127936042,568,24,61.74934725848564,51.61941602925133
T0_4,20,20,0.03,1,full_t0,20.430138818156518,-15.88217693488517,1.286356328979169,1.4709599127936042,568,24,61.74934725848564,51.61941602925133
T0_4,20,10,0.03,1,full_t0,20.430138818156518,-15.88217693488517,1.286356328979169,1.4709599127936042,568,24,61.74934725848564,51.61941602925133
T0_4,20,10,0.03,1,real_t1,20.430138818156518,-15.88217693488517,1.286356328979169,1.4709599127936042,568,24,61.74934725848564,51.61941602925133
T0_5,80,10,0.03,5,real_t1,20.354984450068912,-12.760882903658244,1.5951078466705169,1.3983632451767838,434,48,65.37206266318537,51.407661363617095
T0_5,80,10,0.03,5,full_t0,20.354984450068912,-12.760882903658244,1.5951078466705169,1.3983632451767838,434,48,65.37206266318537,51.407661363617095
T0_5,80,20,0.03,5,real_t1,20.354984450068912,-12.760882903658244,1.5951078466705169,1.3983632451767838,434,48,65.37206266318537,51.407661363617095
T0_5,80,20,0.03,5,full_t0,20.354984450068912,-12.760882903658244,1.5951078466705169,1.3983632451767838,434,48,65.37206266318537,51.407661363617095
T0_5,80,30,0.03,5,full_t0,20.354984450068912,-12.760882903658244,1.5951078466705169,1.3983632451767838,434,48,65.37206266318537,51.407661363617095
T0_5,80,30,0.03,5,real_t1,20.354984450068912,-12.760882903658244,1.5951078466705169,1.3983632451767838,434,48,65.37206266318537,51.407661363617095
T0_4,60,20,0.03,1,full_t0,20.04684174120923,-11.314055062344117,1.7718529413852615,1.455346044775941,506,36,59.36684073107049,50.541151448641244
T0_4,60,20,0.03,1,real_t1,20.04684174120923,-11.314055062344117,1.7718529413852615,1.455346044775941,506,36,59.36684073107049,50.541151448641244
T0_4,60,30,0.03,1,full_t0,20.04684174120923,-11.314055062344117,1.7718529413852615,1.455346044775941,506,36,59.36684073107049,50.541151448641244
T0_4,60,30,0.03,1,real_t1,20.04684174120923,-11.314055062344117,1.7718529413852615,1.455346044775941,506,36,59.36684073107049,50.541151448641244
T0_4,60,10,0.03,1,real_t1,20.04684174120923,-11.314055062344117,1.7718529413852615,1.455346044775941,506,36,59.36684073107049,50.541151448641244
T0_4,60,10,0.03,1,full_t0,20.04684174120923,-11.314055062344117,1.7718529413852615,1.455346044775941,506,36,59.36684073107049,50.541151448641244
T0_4,20,30,0.03,5,real_t1,19.76061281452526,-17.613306096985998,1.1219138931507417,1.3977427496896742,495,25,64.75195822454309,49.73872861265305
T0_4,20,30,0.03,5,full_t0,19.76061281452526,-17.613306096985998,1.1219138931507417,1.3977427496896742,495,25,64.75195822454309,49.73872861265305
T0_4,20,10,0.03,5,real_t1,19.76061281452526,-17.613306096985998,1.1219138931507417,1.3977427496896742,495,25,64.75195822454309,49.73872861265305
T0_4,20,10,0.03,5,full_t0,19.76061281452526,-17.613306096985998,1.1219138931507417,1.3977427496896742,495,25,64.75195822454309,49.73872861265305
T0_4,20,20,0.03,5,full_t0,19.76061281452526,-17.613306096985998,1.1219138931507417,1.3977427496896742,495,25,64.75195822454309,49.73872861265305
T0_4,20,20,0.03,5,real_t1,19.76061281452526,-17.613306096985998,1.1219138931507417,1.3977427496896742,495,25,64.75195822454309,49.73872861265305
BASE7,80,30,0.03,5,real_t1,18.87795152280507,-29.55018893906911,0.6388436825811972,1.0685658025007319,372,65,68.86422976501305,47.27918133136831
BASE7,80,20,0.03,5,real_t1,18.87795152280507,-29.55018893906911,0.6388436825811972,1.0685658025007319,372,65,68.86422976501305,47.27918133136831
BASE7,80,10,0.03,5,real_t1,18.87795152280507,-29.55018893906911,0.6388436825811972,1.0685658025007319,372,65,68.86422976501305,47.27918133136831
T0_5,40,10,0.03,5,full_t0,18.787886163702684,-18.19333145407646,1.0326798151909118,1.2504909117651186,430,37,66.02480417754569,47.0294799096304
T0_5,40,20,0.03,5,real_t1,18.787886163702684,-18.19333145407646,1.0326798151909118,1.2504909117651186,430,37,66.02480417754569,47.0294799096304
T0_5,40,20,0.03,5,full_t0,18.787886163702684,-18.19333145407646,1.0326798151909118,1.2504909117651186,430,37,66.02480417754569,47.0294799096304
T0_5,40,30,0.03,5,full_t0,18.787886163702684,-18.19333145407646,1.0326798151909118,1.2504909117651186,430,37,66.02480417754569,47.0294799096304
T0_5,40,30,0.03,5,real_t1,18.787886163702684,-18.19333145407646,1.0326798151909118,1.2504909117651186,430,37,66.02480417754569,47.0294799096304
T0_5,40,10,0.03,5,real_t1,18.787886163702684,-18.19333145407646,1.0326798151909118,1.2504909117651186,430,37,66.02480417754569,47.0294799096304
T0_5,20,30,0.06,1,real_t1,18.595811389848116,-17.3753585520864,1.070240440454978,1.2207341554809639,617,11,61.48825065274151,46.4977458485756
T0_5,20,30,0.06,1,full_t0,18.595811389848116,-17.3753585520864,1.070240440454978,1.2207341554809639,617,11,61.48825065274151,46.4977458485756
T0_5,20,20,0.06,1,full_t0,18.595811389848116,-17.3753585520864,1.070240440454978,1.2207341554809639,617,11,61.48825065274151,46.4977458485756
T0_5,20,10,0.06,1,full_t0,18.595811389848116,-17.3753585520864,1.070240440454978,1.2207341554809639,617,11,61.48825065274151,46.4977458485756
T0_5,20,10,0.06,1,real_t1,18.595811389848116,-17.3753585520864,1.070240440454978,1.2207341554809639,617,11,61.48825065274151,46.4977458485756
T0_5,20,20,0.06,1,real_t1,18.595811389848116,-17.3753585520864,1.070240440454978,1.2207341554809639,617,11,61.48825065274151,46.4977458485756
BASE7,60,20,0.06,1,real_t1,18.528212312966595,-26.476590704757676,0.6997960016671328,1.0068731888954154,386,24,67.36292428198433,46.310860166428554
BASE7,60,10,0.06,1,real_t1,18.528212312966595,-26.476590704757676,0.6997960016671328,1.0068731888954154,386,24,67.36292428198433,46.310860166428554
BASE7,60,30,0.06,1,real_t1,18.528212312966595,-26.476590704757676,0.6997960016671328,1.0068731888954154,386,24,67.36292428198433,46.310860166428554
T0_4,80,30,0.03,5,real_t1,18.5238151817773,-11.916275651790057,1.554497036076424,1.37855554839624,418,40,63.903394255874666,46.29870834712047
T0_4,80,30,0.03,5,full_t0,18.5238151817773,-11.916275651790057,1.554497036076424,1.37855554839624,418,40,63.903394255874666,46.29870834712047
T0_4,80,10,0.03,5,full_t0,18.5238151817773,-11.916275651790057,1.554497036076424,1.37855554839624,418,40,63.903394255874666,46.29870834712047
T0_4,80,10,0.03,5,real_t1,18.5238151817773,-11.916275651790057,1.554497036076424,1.37855554839624,418,40,63.903394255874666,46.29870834712047
T0_4,80,20,0.03,5,full_t0,18.5238151817773,-11.916275651790057,1.554497036076424,1.37855554839624,418,40,63.903394255874666,46.29870834712047
T0_4,80,20,0.03,5,real_t1,18.5238151817773,-11.916275651790057,1.554497036076424,1.37855554839624,418,40,63.903394255874666,46.29870834712047
BASE7,80,30,0.06,1,real_t1,18.2950889558402,-25.38282478502067,0.7207664675145533,1.0341892761009486,411,26,66.64490861618799,45.66737534770768
BASE7,80,20,0.06,1,real_t1,18.2950889558402,-25.38282478502067,0.7207664675145533,1.0341892761009486,411,26,66.64490861618799,45.66737534770768
BASE7,80,10,0.06,1,real_t1,18.2950889558402,-25.38282478502067,0.7207664675145533,1.0341892761009486,411,26,66.64490861618799,45.66737534770768
BASE7,60,10,0.03,5,real_t1,18.293243634332292,-27.931243141807006,0.6549383978886094,1.0018028015041274,338,63,69.45169712793734,45.6622880112896
BASE7,60,20,0.03,5,real_t1,18.293243634332292,-27.931243141807006,0.6549383978886094,1.0018028015041274,338,63,69.45169712793734,45.6622880112896
BASE7,60,30,0.03,5,real_t1,18.293243634332292,-27.931243141807006,0.6549383978886094,1.0018028015041274,338,63,69.45169712793734,45.6622880112896
T0_5,20,30,0.06,5,real_t1,18.24990242019251,-19.220898331317645,0.949482282545398,1.1804042453706258,539,12,64.71932114882507,45.54282960436795
T0_5,20,30,0.06,5,full_t0,18.24990242019251,-19.220898331317645,0.949482282545398,1.1804042453706258,539,12,64.71932114882507,45.54282960436795
T0_5,20,20,0.06,5,full_t0,18.24990242019251,-19.220898331317645,0.949482282545398,1.1804042453706258,539,12,64.71932114882507,45.54282960436795
T0_5,20,20,0.06,5,real_t1,18.24990242019251,-19.220898331317645,0.949482282545398,1.1804042453706258,539,12,64.71932114882507,45.54282960436795
T0_5,20,10,0.06,5,full_t0,18.24990242019251,-19.220898331317645,0.949482282545398,1.1804042453706258,539,12,64.71932114882507,45.54282960436795
T0_5,20,10,0.06,5,real_t1,18.24990242019251,-19.220898331317645,0.949482282545398,1.1804042453706258,539,12,64.71932114882507,45.54282960436795
T0_4,40,20,0.06,1,full_t0,18.205513504804305,-13.906877630758203,1.3091014380207602,1.2786714104477126,481,10,62.07571801566579,45.420539702910666
T0_4,40,20,0.06,1,real_t1,18.205513504804305,-13.906877630758203,1.3091014380207602,1.2786714104477126,481,10,62.07571801566579,45.420539702910666
T0_4,40,30,0.06,1,real_t1,18.205513504804305,-13.906877630758203,1.3091014380207602,1.2786714104477126,481,10,62.07571801566579,45.420539702910666
T0_4,40,30,0.06,1,full_t0,18.205513504804305,-13.906877630758203,1.3091014380207602,1.2786714104477126,481,10,62.07571801566579,45.420539702910666
T0_4,40,10,0.06,1,full_t0,18.205513504804305,-13.906877630758203,1.3091014380207602,1.2786714104477126,481,10,62.07571801566579,45.420539702910666
T0_4,40,10,0.06,1,real_t1,18.205513504804305,-13.906877630758203,1.3091014380207602,1.2786714104477126,481,10,62.07571801566579,45.420539702910666
T0_4,20,30,0.06,1,real_t1,16.94739532718035,-17.37535855208641,0.9753695313035902,1.2209000393193266,566,8,61.8798955613577,41.9781011594897
T0_4,20,30,0.06,1,full_t0,16.94739532718035,-17.37535855208641,0.9753695313035902,1.2209000393193266,566,8,61.8798955613577,41.9781011594897
T0_4,20,20,0.06,1,full_t0,16.94739532718035,-17.37535855208641,0.9753695313035902,1.2209000393193266,566,8,61.8798955613577,41.9781011594897
T0_4,20,20,0.06,1,real_t1,16.94739532718035,-17.37535855208641,0.9753695313035902,1.2209000393193266,566,8,61.8798955613577,41.9781011594897
T0_4,20,10,0.06,1,real_t1,16.94739532718035,-17.37535855208641,0.9753695313035902,1.2209000393193266,566,8,61.8798955613577,41.9781011594897
T0_4,20,10,0.06,1,full_t0,16.94739532718035,-17.37535855208641,0.9753695313035902,1.2209000393193266,566,8,61.8798955613577,41.9781011594897
T0_4,60,20,0.03,5,real_t1,16.774383465151587,-11.547637563638785,1.452624692514665,1.224974156941319,430,36,62.76109660574413,41.50827671962085
T0_4,60,20,0.03,5,full_t0,16.774383465151587,-11.547637563638785,1.452624692514665,1.224974156941319,430,36,62.76109660574413,41.50827671962085
T0_4,60,30,0.03,5,real_t1,16.774383465151587,-11.547637563638785,1.452624692514665,1.224974156941319,430,36,62.76109660574413,41.50827671962085
T0_4,60,30,0.03,5,full_t0,16.774383465151587,-11.547637563638785,1.452624692514665,1.224974156941319,430,36,62.76109660574413,41.50827671962085
T0_4,60,10,0.03,5,full_t0,16.774383465151587,-11.547637563638785,1.452624692514665,1.224974156941319,430,36,62.76109660574413,41.50827671962085
T0_4,60,10,0.03,5,real_t1,16.774383465151587,-11.547637563638785,1.452624692514665,1.224974156941319,430,36,62.76109660574413,41.50827671962085
T0_5,80,10,0.06,1,real_t1,16.377239504143624,-13.399272274324758,1.222248430276706,1.1251289518913261,502,15,62.01044386422977,40.43306589247395
T0_5,80,10,0.06,1,full_t0,16.377239504143624,-13.399272274324758,1.222248430276706,1.1251289518913261,502,15,62.01044386422977,40.43306589247395
T0_5,80,20,0.06,1,full_t0,16.377239504143624,-13.399272274324758,1.222248430276706,1.1251289518913261,502,15,62.01044386422977,40.43306589247395
T0_5,80,20,0.06,1,real_t1,16.377239504143624,-13.399272274324758,1.222248430276706,1.1251289518913261,502,15,62.01044386422977,40.43306589247395
T0_5,80,30,0.06,1,full_t0,16.377239504143624,-13.399272274324758,1.222248430276706,1.1251289518913261,502,15,62.01044386422977,40.43306589247395
T0_5,80,30,0.06,1,real_t1,16.377239504143624,-13.399272274324758,1.222248430276706,1.1251289518913261,502,15,62.01044386422977,40.43306589247395
BASE7,40,30,0.06,1,real_t1,16.359540204695055,-25.993953673443965,0.6293594429772469,0.9088073123586485,454,25,65.79634464751958,40.38525316497867
BASE7,40,20,0.06,1,real_t1,16.359540204695055,-25.993953673443965,0.6293594429772469,0.9088073123586485,454,25,65.79634464751958,40.38525316497867
BASE7,40,10,0.06,1,real_t1,16.359540204695055,-25.993953673443965,0.6293594429772469,0.9088073123586485,454,25,65.79634464751958,40.38525316497867
T0_4,20,30,0.06,5,full_t0,16.297231481179054,-19.075758314071265,0.8543425227377394,1.1560535287925282,493,9,64.88250652741515,40.21700462399303
T0_4,20,30,0.06,5,real_t1,16.297231481179054,-19.075758314071265,0.8543425227377394,1.1560535287925282,493,9,64.88250652741515,40.21700462399303
T0_4,20,10,0.06,5,real_t1,16.297231481179054,-19.075758314071265,0.8543425227377394,1.1560535287925282,493,9,64.88250652741515,40.21700462399303
T0_4,20,20,0.06,5,full_t0,16.297231481179054,-19.075758314071265,0.8543425227377394,1.1560535287925282,493,9,64.88250652741515,40.21700462399303
T0_4,20,20,0.06,5,real_t1,16.297231481179054,-19.075758314071265,0.8543425227377394,1.1560535287925282,493,9,64.88250652741515,40.21700462399303
T0_4,20,10,0.06,5,full_t0,16.297231481179054,-19.075758314071265,0.8543425227377394,1.1560535287925282,493,9,64.88250652741515,40.21700462399303
T0_4,60,10,0.06,1,full_t0,16.248442353174553,-12.195903644194296,1.3322868749384895,1.1743943211257863,491,11,59.88903394255875,40.085340174529584
T0_4,60,30,0.06,1,real_t1,16.248442353174553,-12.195903644194296,1.3322868749384895,1.1743943211257863,491,11,59.88903394255875,40.085340174529584
T0_4,60,10,0.06,1,real_t1,16.248442353174553,-12.195903644194296,1.3322868749384895,1.1743943211257863,491,11,59.88903394255875,40.085340174529584
T0_4,60,20,0.06,1,real_t1,16.248442353174553,-12.195903644194296,1.3322868749384895,1.1743943211257863,491,11,59.88903394255875,40.085340174529584
T0_4,60,20,0.06,1,full_t0,16.248442353174553,-12.195903644194296,1.3322868749384895,1.1743943211257863,491,11,59.88903394255875,40.085340174529584
T0_4,60,30,0.06,1,full_t0,16.248442353174553,-12.195903644194296,1.3322868749384895,1.1743943211257863,491,11,59.88903394255875,40.085340174529584
T0_4,40,20,0.06,5,full_t0,15.819833768507863,-14.986427881221651,1.055610709496056,1.1053980549603222,402,10,65.53524804177546,38.93161932701115
T0_4,40,10,0.06,5,real_t1,15.819833768507863,-14.986427881221651,1.055610709496056,1.1053980549603222,402,10,65.53524804177546,38.93161932701115
T0_4,40,20,0.06,5,real_t1,15.819833768507863,-14.986427881221651,1.055610709496056,1.1053980549603222,402,10,65.53524804177546,38.93161932701115
T0_4,40,10,0.06,5,full_t0,15.819833768507863,-14.986427881221651,1.055610709496056,1.1053980549603222,402,10,65.53524804177546,38.93161932701115
T0_4,40,30,0.06,5,real_t1,15.819833768507863,-14.986427881221651,1.055610709496056,1.1053980549603222,402,10,65.53524804177546,38.93161932701115
T0_4,40,30,0.06,5,full_t0,15.819833768507863,-14.986427881221651,1.055610709496056,1.1053980549603222,402,10,65.53524804177546,38.93161932701115
T0_5,60,20,0.03,5,real_t1,15.813718209543538,-14.960188166001698,1.0570534296808887,1.1098755556281008,407,40,65.60052219321149,38.91519577295715
T0_5,60,10,0.03,5,full_t0,15.813718209543538,-14.960188166001698,1.0570534296808887,1.1098755556281008,407,40,65.60052219321149,38.91519577295715
T0_5,60,10,0.03,5,real_t1,15.813718209543538,-14.960188166001698,1.0570534296808887,1.1098755556281008,407,40,65.60052219321149,38.91519577295715
T0_5,60,30,0.03,5,real_t1,15.813718209543538,-14.960188166001698,1.0570534296808887,1.1098755556281008,407,40,65.60052219321149,38.91519577295715
T0_5,60,20,0.03,5,full_t0,15.813718209543538,-14.960188166001698,1.0570534296808887,1.1098755556281008,407,40,65.60052219321149,38.91519577295715
T0_5,60,30,0.03,5,full_t0,15.813718209543538,-14.960188166001698,1.0570534296808887,1.1098755556281008,407,40,65.60052219321149,38.91519577295715
T0_5,60,10,0.06,1,full_t0,15.807389624207001,-12.195903644194274,1.296122869233387,1.0984680194601057,478,13,62.30417754569191,38.8982012600529
T0_5,60,20,0.06,1,real_t1,15.807389624207001,-12.195903644194274,1.296122869233387,1.0984680194601057,478,13,62.30417754569191,38.8982012600529
T0_5,60,20,0.06,1,full_t0,15.807389624207001,-12.195903644194274,1.296122869233387,1.0984680194601057,478,13,62.30417754569191,38.8982012600529
T0_5,60,30,0.06,1,real_t1,15.807389624207001,-12.195903644194274,1.296122869233387,1.0984680194601057,478,13,62.30417754569191,38.8982012600529
T0_5,60,30,0.06,1,full_t0,15.807389624207001,-12.195903644194274,1.296122869233387,1.0984680194601057,478,13,62.30417754569191,38.8982012600529
T0_5,60,10,0.06,1,real_t1,15.807389624207001,-12.195903644194274,1.296122869233387,1.0984680194601057,478,13,62.30417754569191,38.8982012600529
BASE7,80,10,0.06,5,real_t1,15.633954418551909,-29.375499813276317,0.5322106693648873,0.8954565537687479,327,26,70.3981723237598,38.43291350989735
BASE7,80,20,0.06,5,real_t1,15.633954418551909,-29.375499813276317,0.5322106693648873,0.8954565537687479,327,26,70.3981723237598,38.43291350989735
BASE7,80,30,0.06,5,real_t1,15.633954418551909,-29.375499813276317,0.5322106693648873,0.8954565537687479,327,26,70.3981723237598,38.43291350989735
T0_4,80,30,0.06,1,full_t0,15.397543881898134,-13.305225110646735,1.1572554206224699,1.1370851322753048,480,12,60.67232375979113,37.80006816777384
T0_4,80,30,0.06,1,real_t1,15.397543881898134,-13.305225110646735,1.1572554206224699,1.1370851322753048,480,12,60.67232375979113,37.80006816777384
T0_4,80,10,0.06,1,full_t0,15.397543881898134,-13.305225110646735,1.1572554206224699,1.1370851322753048,480,12,60.67232375979113,37.80006816777384
T0_4,80,10,0.06,1,real_t1,15.397543881898134,-13.305225110646735,1.1572554206224699,1.1370851322753048,480,12,60.67232375979113,37.80006816777384
T0_4,80,20,0.06,1,real_t1,15.397543881898134,-13.305225110646735,1.1572554206224699,1.1370851322753048,480,12,60.67232375979113,37.80006816777384
T0_4,80,20,0.06,1,full_t0,15.397543881898134,-13.305225110646735,1.1572554206224699,1.1370851322753048,480,12,60.67232375979113,37.80006816777384
BASE7,60,30,0.06,5,real_t1,15.387572939258408,-28.467226190595706,0.5405364342923503,0.8545636584186268,308,24,70.59399477806788,37.77341229721172
BASE7,60,10,0.06,5,real_t1,15.387572939258408,-28.467226190595706,0.5405364342923503,0.8545636584186268,308,24,70.59399477806788,37.77341229721172
BASE7,60,20,0.06,5,real_t1,15.387572939258408,-28.467226190595706,0.5405364342923503,0.8545636584186268,308,24,70.59399477806788,37.77341229721172
T0_5,40,20,0.06,1,full_t0,15.10311010087566,-18.19333145407644,0.8301453826089462,1.0182849674832568,496,12,63.08746736292428,37.014143816008335
T0_5,40,30,0.06,1,real_t1,15.10311010087566,-18.19333145407644,0.8301453826089462,1.0182849674832568,496,12,63.08746736292428,37.014143816008335
T0_5,40,20,0.06,1,real_t1,15.10311010087566,-18.19333145407644,0.8301453826089462,1.0182849674832568,496,12,63.08746736292428,37.014143816008335
T0_5,40,10,0.06,1,full_t0,15.10311010087566,-18.19333145407644,0.8301453826089462,1.0182849674832568,496,12,63.08746736292428,37.014143816008335
T0_5,40,10,0.06,1,real_t1,15.10311010087566,-18.19333145407644,0.8301453826089462,1.0182849674832568,496,12,63.08746736292428,37.014143816008335
T0_5,40,30,0.06,1,full_t0,15.10311010087566,-18.19333145407644,0.8301453826089462,1.0182849674832568,496,12,63.08746736292428,37.014143816008335
BASE7,40,20,0.06,5,real_t1,14.15172168987986,-25.689374793209907,0.5508784002645473,0.7950598828710777,382,25,68.9295039164491,34.49161905080593
BASE7,40,10,0.06,5,real_t1,14.15172168987986,-25.689374793209907,0.5508784002645473,0.7950598828710777,382,25,68.9295039164491,34.49161905080593
BASE7,40,30,0.06,5,real_t1,14.15172168987986,-25.689374793209907,0.5508784002645473,0.7950598828710777,382,25,68.9295039164491,34.49161905080593
T0_5,80,20,0.06,5,full_t0,13.98557221713097,-15.268510978813962,0.9159748607141095,0.9617283977476122,426,16,65.37206266318537,34.053747159281514
T0_5,80,20,0.06,5,real_t1,13.98557221713097,-15.268510978813962,0.9159748607141095,0.9617283977476122,426,16,65.37206266318537,34.053747159281514
T0_5,80,30,0.06,5,full_t0,13.98557221713097,-15.268510978813962,0.9159748607141095,0.9617283977476122,426,16,65.37206266318537,34.053747159281514
T0_5,80,30,0.06,5,real_t1,13.98557221713097,-15.268510978813962,0.9159748607141095,0.9617283977476122,426,16,65.37206266318537,34.053747159281514
T0_5,80,10,0.06,5,full_t0,13.98557221713097,-15.268510978813962,0.9159748607141095,0.9617283977476122,426,16,65.37206266318537,34.053747159281514
T0_5,80,10,0.06,5,real_t1,13.98557221713097,-15.268510978813962,0.9159748607141095,0.9617283977476122,426,16,65.37206266318537,34.053747159281514
T0_4,80,10,0.06,5,full_t0,13.75165298204113,-15.092443301424094,0.9111614804438953,1.0152357197615973,406,12,64.09921671018277,33.438613189071084
T0_4,80,10,0.06,5,real_t1,13.75165298204113,-15.092443301424094,0.9111614804438953,1.0152357197615973,406,12,64.09921671018277,33.438613189071084
T0_4,80,30,0.06,5,full_t0,13.75165298204113,-15.092443301424094,0.9111614804438953,1.0152357197615973,406,12,64.09921671018277,33.438613189071084
T0_4,80,30,0.06,5,real_t1,13.75165298204113,-15.092443301424094,0.9111614804438953,1.0152357197615973,406,12,64.09921671018277,33.438613189071084
T0_4,80,20,0.06,5,real_t1,13.75165298204113,-15.092443301424094,0.9111614804438953,1.0152357197615973,406,12,64.09921671018277,33.438613189071084
T0_4,80,20,0.06,5,full_t0,13.75165298204113,-15.092443301424094,0.9111614804438953,1.0152357197615973,406,12,64.09921671018277,33.438613189071084
T0_4,60,30,0.06,5,real_t1,13.526481643093625,-12.195903644194287,1.109100402702242,0.984163520459299,413,11,63.18537859007834,32.84796185878096
T0_4,60,30,0.06,5,full_t0,13.526481643093625,-12.195903644194287,1.109100402702242,0.984163520459299,413,11,63.18537859007834,32.84796185878096
T0_4,60,20,0.06,5,real_t1,13.526481643093625,-12.195903644194287,1.109100402702242,0.984163520459299,413,11,63.18537859007834,32.84796185878096
T0_4,60,20,0.06,5,full_t0,13.526481643093625,-12.195903644194287,1.109100402702242,0.984163520459299,413,11,63.18537859007834,32.84796185878096
T0_4,60,10,0.06,5,full_t0,13.526481643093625,-12.195903644194287,1.109100402702242,0.984163520459299,413,11,63.18537859007834,32.84796185878096
T0_4,60,10,0.06,5,real_t1,13.526481643093625,-12.195903644194287,1.109100402702242,0.984163520459299,413,11,63.18537859007834,32.84796185878096
T0_5,40,10,0.06,5,full_t0,12.21906159550099,-18.53696227763803,0.6591728144282515,0.8298390663928886,419,12,66.51436031331592,29.447064242729827
T0_5,40,10,0.06,5,real_t1,12.21906159550099,-18.53696227763803,0.6591728144282515,0.8298390663928886,419,12,66.51436031331592,29.447064242729827
T0_5,40,20,0.06,5,full_t0,12.21906159550099,-18.53696227763803,0.6591728144282515,0.8298390663928886,419,12,66.51436031331592,29.447064242729827
T0_5,40,20,0.06,5,real_t1,12.21906159550099,-18.53696227763803,0.6591728144282515,0.8298390663928886,419,12,66.51436031331592,29.447064242729827
T0_5,40,30,0.06,5,real_t1,12.21906159550099,-18.53696227763803,0.6591728144282515,0.8298390663928886,419,12,66.51436031331592,29.447064242729827
T0_5,40,30,0.06,5,full_t0,12.21906159550099,-18.53696227763803,0.6591728144282515,0.8298390663928886,419,12,66.51436031331592,29.447064242729827
T0_5,60,10,0.06,5,full_t0,11.584082066596535,-17.579347006010362,0.6589597476308959,0.8226156044697633,400,14,65.6331592689295,27.81292842370553
T0_5,60,10,0.06,5,real_t1,11.584082066596535,-17.579347006010362,0.6589597476308959,0.8226156044697633,400,14,65.6331592689295,27.81292842370553
T0_5,60,20,0.06,5,real_t1,11.584082066596535,-17.579347006010362,0.6589597476308959,0.8226156044697633,400,14,65.6331592689295,27.81292842370553
T0_5,60,20,0.06,5,full_t0,11.584082066596535,-17.579347006010362,0.6589597476308959,0.8226156044697633,400,14,65.6331592689295,27.81292842370553
T0_5,60,30,0.06,5,real_t1,11.584082066596535,-17.579347006010362,0.6589597476308959,0.8226156044697633,400,14,65.6331592689295,27.81292842370553
T0_5,60,30,0.06,5,full_t0,11.584082066596535,-17.579347006010362,0.6589597476308959,0.8226156044697633,400,14,65.6331592689295,27.81292842370553
